{
  "test_mse": 0.00028799842681773787,
  "gp_cv_mean": 0.002567398477970684,
  "gp_cv_std": 0.0005869980851098042,
  "fitted_kernel": "1.47**2 * RBF(length_scale=1.26) + WhiteKernel(noise_level=0.00163)",
  "cheb_degs": [
    5,
    7,
    9,
    11,
    13,
    15,
    17,
    19,
    21
  ],
  "cheb_cv_means": [
    0.4167761571992662,
    0.26410088887068306,
    0.041876151124692604,
    0.004334224972061869,
    0.0026434995394295857,
    0.0025879698298952145,
    0.002596219849688027,
    0.002641952032889615,
    0.0027401761208349622
  ],
  "cheb_cv_stds": [
    0.05956222911005636,
    0.018166945190252352,
    0.005322856987737198,
    0.0007305021649814072,
    0.0005904873471670561,
    0.0006495643823374189,
    0.0006842554472522904,
    0.0006248387543196145,
    0.0006550021228967395
  ],
  "mse_constant_baseline": 1.4616258834071967,
  "mse_cheb13_test": 0.0003182466097002277
}